"0","```r
fix_align(start_pts = rbind(c(67, 293), c(67, 355)),
          asc_files = c(#'asc/PR01inc.asc', # Error in trial_id_start[t]:trial_end[t] : NA/NaN argument
#                     'asc/PR18.asc'#,  Error in trial_id_start[t]:trial_end[t] : NA/NaN argument
#                     'asc/PR31.asc'#,  Error in trial_id_start[t]:trial_end[t] : NA/NaN argument
#                     'asc/PR36.asc'#,  Error in trial_id_start[t]:trial_end[t] : NA/NaN argument
#                     'asc/PR40.asc'#,  Error in if (trial_id_start[start_index + 1] < trial_end[end_index]) { : missing value where TRUE/FALSE needed
#                     'asc/PR43.asc'#,  Error in trial_fix[[i]] : subscript out of bounds
#                     'asc/PR44.asc'#,  Error in trial_id_start[t]:trial_end[t] : NA/NaN argument
#                     'asc/PR48.asc'#   Error in trial_fix[[i]] : subscript out of bounds
                      ),
          xy_bounds = c(20, 1000, 200, 600), # c(x-min, x-max, ymin, y-max)
          trial_plots = FALSE, # i can't get this to do anything except spin its wheels?
          save_trial_plots = FALSE, # wow that takes up a LOT of space
          fa_dir = 'asc',
          start_flag = 'TRIALID',
          den_sd_cutoff = 3, # not sure what's best, but this seems to work okay
          den_ratio_cutoff = 5) # small numbers seem to do fine…?
```"
