{"chunk_definitions":[{"chunk_id":"csetup_chunk","chunk_label":"setup","document_id":"E223EC7C","expansion_state":0,"options":{"engine":"r","include":false,"label":"setup"},"row":35,"row_count":1,"visible":true},{"chunk_id":"c648a3s2e4bma","chunk_label":"unnamed-chunk-1","document_id":"E223EC7C","expansion_state":0,"options":{"engine":"r","label":"unnamed-chunk-1"},"row":45,"row_count":1,"visible":true},{"chunk_id":"cs01kikurt3fy","chunk_label":"unnamed-chunk-2","document_id":"E223EC7C","expansion_state":0,"options":{"echo":false,"engine":"r","label":"unnamed-chunk-2"},"row":90,"row_count":1,"visible":true},{"chunk_id":"c9b4dkt0g5tjb","chunk_label":"unnamed-chunk-3","document_id":"E223EC7C","expansion_state":0,"options":{"engine":"r","label":"unnamed-chunk-3"},"row":221,"row_count":1,"visible":true},{"chunk_id":"cho26t68s9d3h","chunk_label":"unnamed-chunk-4","document_id":"E223EC7C","expansion_state":0,"options":{"engine":"r","label":"unnamed-chunk-4"},"row":226,"row_count":1,"visible":true},{"chunk_id":"cnu0zsiyp39if","chunk_label":"unnamed-chunk-5","document_id":"E223EC7C","expansion_state":0,"options":{"engine":"r","label":"unnamed-chunk-5"},"row":231,"row_count":1,"visible":true},{"chunk_id":"cuauxmqwyob6t","chunk_label":"unnamed-chunk-6","document_id":"E223EC7C","expansion_state":0,"options":{"engine":"r","label":"unnamed-chunk-6"},"row":234,"row_count":1,"visible":true},{"chunk_id":"c79pybcs5dev5","chunk_label":"longtext","document_id":"E223EC7C","expansion_state":0,"options":{"engine":"r","label":"longtext"},"row":271,"row_count":1,"visible":true},{"chunk_id":"cf76pz3nac5s3","chunk_label":"unnamed-chunk-7","document_id":"E223EC7C","expansion_state":0,"options":{"engine":"r","label":"unnamed-chunk-7"},"row":294,"row_count":1,"visible":true},{"chunk_id":"ccmmh0ziggxyo","chunk_label":"unnamed-chunk-8","document_id":"E223EC7C","expansion_state":0,"options":{"engine":"r","label":"unnamed-chunk-8"},"row":301,"row_count":1,"visible":true},{"chunk_id":"cfkc75zyiajvg","chunk_label":"unnamed-chunk-9","document_id":"E223EC7C","expansion_state":0,"options":{"engine":"r","label":"unnamed-chunk-9"},"row":310,"row_count":1,"visible":true},{"chunk_id":"c2crxyn93ezaa","chunk_label":"unnamed-chunk-10","document_id":"E223EC7C","expansion_state":0,"options":{"engine":"r","label":"unnamed-chunk-10"},"row":317,"row_count":1,"visible":true},{"chunk_id":"cqjmsnsz3h6dv","chunk_label":"unnamed-chunk-11","document_id":"E223EC7C","expansion_state":0,"options":{"engine":"r","label":"unnamed-chunk-11"},"row":322,"row_count":1,"visible":true},{"chunk_id":"cxein43ytx1xd","chunk_label":"unnamed-chunk-12","document_id":"E223EC7C","expansion_state":0,"options":{"engine":"r","error":true,"label":"unnamed-chunk-12","message":true},"row":331,"row_count":1,"visible":true},{"chunk_id":"cqbrgbu04tw3w","chunk_label":"unnamed-chunk-13","document_id":"E223EC7C","expansion_state":0,"options":{"engine":"r","label":"unnamed-chunk-13"},"row":340,"row_count":1,"visible":true},{"chunk_id":"cx2y51pt4ksn4","chunk_label":"unnamed-chunk-14","document_id":"E223EC7C","expansion_state":0,"options":{"engine":"r","label":"unnamed-chunk-14"},"row":349,"row_count":1,"visible":true},{"chunk_id":"c1hsnsm0pkulz","chunk_label":"unnamed-chunk-15","document_id":"E223EC7C","expansion_state":0,"options":{"engine":"r","label":"unnamed-chunk-15"},"row":361,"row_count":1,"visible":true},{"chunk_id":"c2lh7i8irfoyd","chunk_label":"unnamed-chunk-16","document_id":"E223EC7C","expansion_state":0,"options":{"engine":"r","label":"unnamed-chunk-16"},"row":366,"row_count":1,"visible":true},{"chunk_id":"cw9yii60pe98a","chunk_label":"unnamed-chunk-17","document_id":"E223EC7C","expansion_state":0,"options":{"engine":"r","label":"unnamed-chunk-17"},"row":371,"row_count":1,"visible":true},{"chunk_id":"c9twc2epdjt4v","chunk_label":"unnamed-chunk-18","document_id":"E223EC7C","expansion_state":0,"options":{"echo":false,"engine":"r","label":"unnamed-chunk-18"},"row":383,"row_count":1,"visible":true},{"chunk_id":"ch0k5j0980y2i","chunk_label":"unnamed-chunk-20","document_id":"E223EC7C","expansion_state":0,"options":{"asis":true,"engine":"r","label":"unnamed-chunk-19"},"row":393,"row_count":1,"visible":true},{"chunk_id":"cq0uamognt87n","chunk_label":"unnamed-chunk-21","document_id":"E223EC7C","expansion_state":0,"options":{"engine":"r","label":"unnamed-chunk-20"},"row":399,"row_count":1,"visible":true},{"chunk_id":"ccjrhzrjfuln8","chunk_label":"unnamed-chunk-22","document_id":"E223EC7C","expansion_state":0,"options":{"engine":"r","label":"unnamed-chunk-21"},"row":409,"row_count":1,"visible":true},{"chunk_id":"cucb60k4a4pmb","chunk_label":"unnamed-chunk-23","document_id":"E223EC7C","expansion_state":0,"options":{"engine":"r","label":"unnamed-chunk-22"},"row":417,"row_count":1,"visible":true},{"chunk_id":"cmhmuwx9219u1","chunk_label":"unnamed-chunk-24","document_id":"E223EC7C","expansion_state":0,"options":{"engine":"r","label":"unnamed-chunk-1"},"row":453,"row_count":1,"visible":true},{"chunk_id":"cwl7cjlrxg3xl","chunk_label":"unnamed-chunk-25","document_id":"E223EC7C","expansion_state":0,"options":{"engine":"r","label":"unnamed-chunk-23"},"row":461,"row_count":1,"visible":true},{"chunk_id":"comy5hrqxgpki","chunk_label":"unnamed-chunk-26","document_id":"E223EC7C","expansion_state":0,"options":{"engine":"r","label":"unnamed-chunk-24"},"row":466,"row_count":1,"visible":true},{"chunk_id":"cv47syas3sjvs","chunk_label":"unnamed-chunk-27","document_id":"E223EC7C","expansion_state":0,"options":{"engine":"r","label":"unnamed-chunk-25"},"row":471,"row_count":1,"visible":true},{"chunk_id":"co841gnbqettn","chunk_label":"unnamed-chunk-28","document_id":"E223EC7C","expansion_state":0,"options":{"engine":"r","label":"unnamed-chunk-26"},"row":476,"row_count":1,"visible":true},{"chunk_id":"cvifuaohqill1","chunk_label":"unnamed-chunk-29","document_id":"E223EC7C","expansion_state":0,"options":{"engine":"r","label":"unnamed-chunk-27"},"row":481,"row_count":1,"visible":true},{"chunk_id":"cl7vsfjbml64z","chunk_label":"unnamed-chunk-30","document_id":"E223EC7C","expansion_state":0,"options":{"engine":"r","label":"unnamed-chunk-28"},"row":487,"row_count":1,"visible":true},{"chunk_id":"cdxzuqlm87xmy","chunk_label":"unnamed-chunk-31","document_id":"E223EC7C","expansion_state":0,"options":{"engine":"r","label":"unnamed-chunk-29"},"row":492,"row_count":1,"visible":true}],"doc_write_time":1559140424}