{"chunk_definitions":[{"chunk_id":"c3ooq8ji1vh6h","chunk_label":"unnamed-chunk-1","document_id":"335B0682","expansion_state":0,"options":{"engine":"r","label":"unnamed-chunk-1"},"row":11,"row_count":1,"visible":true},{"chunk_id":"c0jkb39herats","chunk_label":"unnamed-chunk-2","document_id":"335B0682","expansion_state":0,"options":{"engine":"r","label":"unnamed-chunk-2"},"row":25,"row_count":1,"visible":true},{"chunk_id":"cr22ztivij2o8","chunk_label":"unnamed-chunk-3","document_id":"335B0682","expansion_state":0,"options":{"engine":"r","label":"unnamed-chunk-3"},"row":35,"row_count":1,"visible":true}],"doc_write_time":1559574283}