{"chunk_definitions":[{"chunk_id":"csetup_chunk","chunk_label":"setup","document_id":"7B9196CD","expansion_state":0,"options":{"engine":"r","include":false,"label":"setup"},"row":35,"row_count":1,"visible":true},{"chunk_id":"chn5cz99uemsk","chunk_label":"unnamed-chunk-49","document_id":"9EA7A468","expansion_state":0,"options":{"engine":"r","label":"unnamed-chunk-1"},"row":397,"row_count":1,"visible":true}],"default_chunk_options":{"echo":true,"error":false},"doc_write_time":1559424377,"working_dir":null}