{"chunk_definitions":[{"chunk_id":"csetup_chunk","chunk_label":"setup","document_id":"92236BB5","expansion_state":0,"options":{"engine":"r","include":false,"label":"setup"},"row":15,"row_count":1,"visible":true},{"chunk_id":"cm0tznyaxgw9m","chunk_label":"unnamed-chunk-1","document_id":"92236BB5","expansion_state":0,"options":{"engine":"r","label":"unnamed-chunk-30"},"row":47,"row_count":1,"visible":true},{"chunk_id":"cdw7mn5wdv6p1","chunk_label":"unnamed-chunk-2","document_id":"92236BB5","expansion_state":0,"options":{"engine":"r","label":"unnamed-chunk-31"},"row":52,"row_count":1,"visible":true},{"chunk_id":"cfe0idyvrllr9","chunk_label":"unnamed-chunk-3","document_id":"92236BB5","expansion_state":0,"options":{"engine":"r","label":"unnamed-chunk-32"},"row":57,"row_count":1,"visible":true},{"chunk_id":"c8rea0mtjzibn","chunk_label":"unnamed-chunk-4","document_id":"92236BB5","expansion_state":0,"options":{"engine":"r","label":"unnamed-chunk-33"},"row":64,"row_count":1,"visible":true},{"chunk_id":"cqypmnzjshv3s","chunk_label":"unnamed-chunk-5","document_id":"92236BB5","expansion_state":0,"options":{"engine":"r","label":"unnamed-chunk-34"},"row":69,"row_count":1,"visible":true},{"chunk_id":"ccm9kwtf7ov0n","chunk_label":"unnamed-chunk-6","document_id":"92236BB5","expansion_state":0,"options":{"engine":"r","label":"unnamed-chunk-35"},"row":74,"row_count":1,"visible":true},{"chunk_id":"cseq6h6buhk3o","chunk_label":"unnamed-chunk-7","document_id":"92236BB5","expansion_state":0,"options":{"engine":"r","label":"unnamed-chunk-36"},"row":85,"row_count":1,"visible":true},{"chunk_id":"cwqbh925ijab0","chunk_label":"unnamed-chunk-8","document_id":"92236BB5","expansion_state":0,"options":{"engine":"r","label":"unnamed-chunk-37"},"row":102,"row_count":1,"visible":true},{"chunk_id":"ch0l14brsqozn","chunk_label":"unnamed-chunk-9","document_id":"92236BB5","expansion_state":0,"options":{"engine":"r","label":"unnamed-chunk-38"},"row":107,"row_count":1,"visible":true},{"chunk_id":"cwfxcbq2qlo7i","chunk_label":"unnamed-chunk-10","document_id":"92236BB5","expansion_state":0,"options":{"engine":"r","label":"unnamed-chunk-39"},"row":112,"row_count":1,"visible":true},{"chunk_id":"cv8j8easnkwre","chunk_label":"unnamed-chunk-11","document_id":"92236BB5","expansion_state":0,"options":{"engine":"r","label":"unnamed-chunk-40"},"row":118,"row_count":1,"visible":true},{"chunk_id":"cvalcsskbzbw3","chunk_label":"unnamed-chunk-12","document_id":"92236BB5","expansion_state":0,"options":{"engine":"r","label":"unnamed-chunk-41"},"row":123,"row_count":1,"visible":true},{"chunk_id":"cusshhfp35jcb","chunk_label":"unnamed-chunk-13","document_id":"92236BB5","expansion_state":0,"options":{"engine":"r","label":"unnamed-chunk-42"},"row":136,"row_count":1,"visible":true},{"chunk_id":"co4ztm1mcus9w","chunk_label":"unnamed-chunk-14","document_id":"92236BB5","expansion_state":0,"options":{"engine":"r","label":"unnamed-chunk-43"},"row":142,"row_count":1,"visible":true},{"chunk_id":"cdulpuoi2nf30","chunk_label":"unnamed-chunk-15","document_id":"92236BB5","expansion_state":0,"options":{"engine":"r","label":"unnamed-chunk-44"},"row":148,"row_count":1,"visible":true},{"chunk_id":"cpwqhz61f1d79","chunk_label":"unnamed-chunk-16","document_id":"92236BB5","expansion_state":0,"options":{"engine":"r","label":"unnamed-chunk-45"},"row":154,"row_count":1,"visible":true},{"chunk_id":"cczjsmj3rup5u","chunk_label":"unnamed-chunk-17","document_id":"92236BB5","expansion_state":0,"options":{"engine":"r","label":"unnamed-chunk-46"},"row":166,"row_count":1,"visible":true},{"chunk_id":"c4elvfbrdiw2s","chunk_label":"unnamed-chunk-18","document_id":"92236BB5","expansion_state":0,"options":{"engine":"r","label":"unnamed-chunk-47"},"row":171,"row_count":1,"visible":true},{"chunk_id":"c0rtvodo8q6h2","chunk_label":"unnamed-chunk-19","document_id":"92236BB5","expansion_state":0,"options":{"engine":"r","label":"unnamed-chunk-48"},"row":176,"row_count":1,"visible":true},{"chunk_id":"cb2c79mkd10b6","chunk_label":"unnamed-chunk-20","document_id":"92236BB5","expansion_state":0,"options":{"engine":"r","label":"unnamed-chunk-49"},"row":184,"row_count":1,"visible":true},{"chunk_id":"c1ciseveg81wo","chunk_label":"unnamed-chunk-21","document_id":"92236BB5","expansion_state":0,"options":{"engine":"r","label":"unnamed-chunk-50"},"row":193,"row_count":1,"visible":true},{"chunk_id":"cxgrwjnp8n9rl","chunk_label":"unnamed-chunk-22","document_id":"92236BB5","expansion_state":0,"options":{"engine":"r","label":"unnamed-chunk-51"},"row":201,"row_count":1,"visible":true}],"default_chunk_options":{"echo":true,"error":false},"doc_write_time":1552317149,"working_dir":null}