"0","knitr::opts_chunk$set(echo = TRUE)"
"0","# 1. R and RStudio interfaces, RMarkdown, and best practices"
"0","#    - Basic functionality, shortcuts, writing scripts and notebooks, organising files, interfacing with GitHub"
"0","# 2. Data frame manipulation using Tidyverse"
"0","#    - Piping syntax and code replicability"
"0","#    - Tidyr, Dplyr, related packages"
"0","#    - Cleaning, combining, and rearranging data frames"
"0","# 3. Data visualisation using ggplot and best practices"
"0","#    - Structure and syntax of ggplot and geom"
"0","#    - Customising and combining plots"
"0","#    - Determining what plot is best for your data"
"0","# 4. Basic linear models without and with mixed effects (including gaussian, binomial, and ordinal)"
"0","#    - building/selecting an appropriate model, including random effect structures"
"0","#    - maximal vs parsimonious models"
"0","#    - practical use of lm(), lmer(), glm(), glmer(), clmm()"
"0","#    - dummy coding vs contrast coding"
"0","#    - interpreting the output"
