{"chunk_definitions":[{"chunk_id":"csetup_chunk","chunk_label":"setup","document_id":"20763E3C","expansion_state":0,"options":{"engine":"r","include":false,"label":"setup"},"row":35,"row_count":1,"visible":true},{"chunk_id":"co91j7008bvv1","chunk_label":"unnamed-chunk-2","document_id":"20763E3C","expansion_state":0,"options":{"echo":false,"engine":"r","label":"unnamed-chunk-1"},"row":91,"row_count":1,"visible":true},{"chunk_id":"c444at6un5vd5","chunk_label":"unnamed-chunk-11","document_id":"20763E3C","expansion_state":0,"options":{"engine":"r","label":"unnamed-chunk-10"},"row":321,"row_count":1,"visible":true},{"chunk_id":"cf1jdg331d7nb","chunk_label":"unnamed-chunk-19","document_id":"20763E3C","expansion_state":0,"options":{"echo":false,"engine":"r","label":"unnamed-chunk-17"},"row":392,"row_count":1,"visible":true},{"chunk_id":"colnp66ygq0n5","chunk_label":"unnamed-chunk-32","document_id":"20763E3C","expansion_state":0,"options":{"echo":false,"engine":"r","label":"unnamed-chunk-29"},"row":516,"row_count":1,"visible":true},{"chunk_id":"co305csf6f09o","chunk_label":"unnamed-chunk-33","document_id":"20763E3C","expansion_state":0,"options":{"echo":false,"engine":"r","label":"unnamed-chunk-30"},"row":532,"row_count":1,"visible":true},{"chunk_id":"cxoccz7o0nmsz","chunk_label":"unnamed-chunk-35","document_id":"20763E3C","expansion_state":0,"options":{"echo":false,"engine":"r","label":"unnamed-chunk-31"},"row":552,"row_count":1,"visible":true},{"chunk_id":"ccr4f771idtlo","chunk_label":"unnamed-chunk-37","document_id":"20763E3C","expansion_state":0,"options":{"engine":"r","label":"unnamed-chunk-32"},"row":589,"row_count":1,"visible":true},{"chunk_id":"cpv4t910qp6y3","chunk_label":"unnamed-chunk-38","document_id":"20763E3C","expansion_state":0,"options":{"engine":"r","label":"unnamed-chunk-33"},"row":605,"row_count":1,"visible":true},{"chunk_id":"cvrjtn12fxv0k","chunk_label":"unnamed-chunk-39","document_id":"20763E3C","expansion_state":0,"options":{"engine":"r","label":"unnamed-chunk-34"},"row":620,"row_count":1,"visible":true}],"chunk_rendered_width":400,"default_chunk_options":{"echo":true,"error":false},"doc_write_time":1559229743,"working_dir":null}