{"chunk_definitions":[{"chunk_id":"csetup_chunk","chunk_label":"setup","document_id":"7B9196CD","expansion_state":0,"options":{"engine":"r","include":false,"label":"setup"},"row":35,"row_count":1,"visible":true},{"chunk_id":"c5lh5k0ciy126","chunk_label":"unnamed-chunk-1","document_id":"7B9196CD","expansion_state":0,"options":{"engine":"r","label":"unnamed-chunk-1"},"row":55,"row_count":1,"visible":true},{"chunk_id":"cg12mcyg9spki","chunk_label":"unnamed-chunk-2","document_id":"6B7148DE","expansion_state":0,"options":{"engine":"r","label":"unnamed-chunk-2"},"row":60,"row_count":1,"visible":true},{"chunk_id":"ctfzcwmwog78s","chunk_label":"unnamed-chunk-3","document_id":"6B7148DE","expansion_state":0,"options":{"engine":"r","label":"unnamed-chunk-3"},"row":82,"row_count":1,"visible":true},{"chunk_id":"cxy2k6rbbybxn","chunk_label":"unnamed-chunk-4","document_id":"6B7148DE","expansion_state":0,"options":{"engine":"r","label":"unnamed-chunk-4"},"row":90,"row_count":1,"visible":true},{"chunk_id":"cnh9fgeza5nmc","chunk_label":"unnamed-chunk-5","document_id":"9EA7A468","expansion_state":0,"options":{"engine":"r","label":"unnamed-chunk-9"},"row":98,"row_count":1,"visible":true},{"chunk_id":"c5rolwj2g6o8b","chunk_label":"unnamed-chunk-6","document_id":"9EA7A468","expansion_state":0,"options":{"engine":"r","label":"unnamed-chunk-5"},"row":108,"row_count":1,"visible":true}],"doc_write_time":1559236417}