{"chunk_definitions":[{"chunk_id":"cvzcg76b8ryr5","chunk_label":"unnamed-chunk-2","document_id":null,"expansion_state":0,"options":[],"row":46,"row_count":1,"visible":true},{"chunk_id":"cr27bbr0evq7v","chunk_label":"","document_id":null,"expansion_state":0,"options":[],"row":48,"row_count":1,"visible":true},{"chunk_id":"ctwty88hrggwu","chunk_label":"","document_id":null,"expansion_state":0,"options":[],"row":65,"row_count":1,"visible":true},{"chunk_id":"cpmgiqwps6lbh","chunk_label":"","document_id":null,"expansion_state":0,"options":[],"row":101,"row_count":1,"visible":true},{"chunk_id":"cz2xx955pdl7l","chunk_label":"","document_id":null,"expansion_state":0,"options":[],"row":108,"row_count":1,"visible":true},{"chunk_id":"cln7agrbfjqbt","chunk_label":"","document_id":null,"expansion_state":0,"options":[],"row":112,"row_count":1,"visible":true},{"chunk_id":"cdc2qbb8vxaee","chunk_label":"","document_id":null,"expansion_state":0,"options":[],"row":115,"row_count":1,"visible":true},{"chunk_id":"cxkecmk3wnmeb","chunk_label":"","document_id":null,"expansion_state":0,"options":[],"row":133,"row_count":1,"visible":true},{"chunk_id":"cti3exwy7m7m9","chunk_label":"","document_id":null,"expansion_state":0,"options":[],"row":145,"row_count":1,"visible":true}],"doc_write_time":1527003638}