"0","data %>%"
"0","  filter(region==1) %>%"
"0","  mutate(age_group = case_when(age<35~""young"","
"0","                               age>=35&age<=55~""middle"","
"0","                               age>55~""old"")) %>%"
"0","  mutate(age_group = factor(age_group,levels=c(""young"",""middle"",""old"")))%>%"
"0","  group_by(freq,gram,age_group) %>%"
"0","  summarise(accuracy=sum(accuracy)/n()) %>%"
"0","  ggplot(aes(x=freq,fill=gram,y=accuracy))+"
"0","  geom_bar(stat=""identity"",position=""dodge"")+"
"0","  facet_wrap(~age_group)"
