{"chunk_definitions":[{"chunk_id":"csetup_chunk","chunk_label":"setup","document_id":"39E89A39","expansion_state":0,"options":{"engine":"r","include":false,"label":"setup"},"row":35,"row_count":1,"visible":true},{"chunk_id":"ccu4lrok7kw0w","chunk_label":"unnamed-chunk-3","document_id":"39E89A39","expansion_state":0,"options":{"engine":"r","label":"unnamed-chunk-5"},"row":224,"row_count":1,"visible":true},{"chunk_id":"c3jyzbl0c0sm5","chunk_label":"unnamed-chunk-4","document_id":"39E89A39","expansion_state":0,"options":{"engine":"r","label":"unnamed-chunk-6"},"row":229,"row_count":1,"visible":true},{"chunk_id":"c3snuorf0xxkz","chunk_label":"unnamed-chunk-5","document_id":"39E89A39","expansion_state":0,"options":{"engine":"r","label":"unnamed-chunk-7"},"row":234,"row_count":1,"visible":true},{"chunk_id":"cgs54wzyx6mf3","chunk_label":"unnamed-chunk-6","document_id":"39E89A39","expansion_state":0,"options":{"engine":"r","label":"unnamed-chunk-8"},"row":239,"row_count":1,"visible":true},{"chunk_id":"cgks19fsah7xw","chunk_label":"unnamed-chunk-7","document_id":"39E89A39","expansion_state":0,"options":{"engine":"r","label":"unnamed-chunk-10"},"row":251,"row_count":1,"visible":true},{"chunk_id":"cbwmpxewe1xzi","chunk_label":"longtext","document_id":"39E89A39","expansion_state":0,"options":{"engine":"r","label":"longtext"},"row":276,"row_count":1,"visible":true},{"chunk_id":"cihwi19xqfkpx","chunk_label":"unnamed-chunk-8","document_id":"39E89A39","expansion_state":0,"options":{"engine":"r","label":"unnamed-chunk-12"},"row":299,"row_count":1,"visible":true},{"chunk_id":"ckg7kc34pocd6","chunk_label":"unnamed-chunk-9","document_id":"39E89A39","expansion_state":0,"options":{"engine":"r","label":"unnamed-chunk-13"},"row":305,"row_count":1,"visible":true},{"chunk_id":"c8axq0anwecu5","chunk_label":"unnamed-chunk-10","document_id":"39E89A39","expansion_state":0,"options":{"engine":"r","label":"unnamed-chunk-14"},"row":311,"row_count":1,"visible":true},{"chunk_id":"c3710m6l3ebxp","chunk_label":"unnamed-chunk-11","document_id":"39E89A39","expansion_state":0,"options":{"engine":"r","label":"unnamed-chunk-15"},"row":317,"row_count":1,"visible":true},{"chunk_id":"c3dadax5zvbwr","chunk_label":"unnamed-chunk-12","document_id":"39E89A39","expansion_state":0,"options":{"engine":"r","label":"unnamed-chunk-16"},"row":322,"row_count":1,"visible":true},{"chunk_id":"c8erpp8je8fhz","chunk_label":"unnamed-chunk-13","document_id":"39E89A39","expansion_state":0,"options":{"engine":"r","error":true,"label":"unnamed-chunk-20","message":true},"row":331,"row_count":1,"visible":true},{"chunk_id":"cthaaocegcq1t","chunk_label":"unnamed-chunk-14","document_id":"39E89A39","expansion_state":0,"options":{"engine":"r","label":"unnamed-chunk-22"},"row":340,"row_count":1,"visible":true},{"chunk_id":"cbsbhxqypstzx","chunk_label":"unnamed-chunk-15","document_id":"39E89A39","expansion_state":0,"options":{"engine":"r","label":"unnamed-chunk-29"},"row":351,"row_count":1,"visible":true},{"chunk_id":"c0fhxv1j9hdv9","chunk_label":"unnamed-chunk-16","document_id":"39E89A39","expansion_state":0,"options":{"engine":"r","label":"unnamed-chunk-30"},"row":365,"row_count":1,"visible":true},{"chunk_id":"c6cejv21mm60w","chunk_label":"unnamed-chunk-17","document_id":"39E89A39","expansion_state":0,"options":{"engine":"r","label":"unnamed-chunk-31"},"row":370,"row_count":1,"visible":true},{"chunk_id":"cz0brn9q5nbzx","chunk_label":"unnamed-chunk-18","document_id":"39E89A39","expansion_state":0,"options":{"engine":"r","label":"unnamed-chunk-35"},"row":378,"row_count":1,"visible":true},{"chunk_id":"cm5b5uf8l2hii","chunk_label":"unnamed-chunk-20","document_id":"39E89A39","expansion_state":0,"options":{"echo":false,"engine":"r","label":"unnamed-chunk-36"},"row":398,"row_count":1,"visible":true},{"chunk_id":"cd56y6kymgtss","chunk_label":"unnamed-chunk-21","document_id":"39E89A39","expansion_state":0,"options":{"engine":"r","error":true,"eval":false,"label":"unnamed-chunk-37"},"row":402,"row_count":1,"visible":true},{"chunk_id":"c9wzcznkvummn","chunk_label":"unnamed-chunk-22","document_id":"39E89A39","expansion_state":0,"options":{"engine":"r","label":"unnamed-chunk-38"},"row":408,"row_count":1,"visible":true},{"chunk_id":"cehvgnlrmbl32","chunk_label":"unnamed-chunk-23","document_id":"39E89A39","expansion_state":0,"options":{"engine":"r","label":"unnamed-chunk-39"},"row":414,"row_count":1,"visible":true},{"chunk_id":"cf7lclbt9ehqy","chunk_label":"unnamed-chunk-24","document_id":"39E89A39","expansion_state":0,"options":{"engine":"r","label":"unnamed-chunk-44"},"row":424,"row_count":1,"visible":true},{"chunk_id":"cpott18xh8vsu","chunk_label":"unnamed-chunk-25","document_id":"39E89A39","expansion_state":0,"options":{"engine":"r","label":"unnamed-chunk-47"},"row":432,"row_count":1,"visible":true},{"chunk_id":"cs65kht99s94l","chunk_label":"unnamed-chunk-26","document_id":"39E89A39","expansion_state":0,"options":{"engine":"r","label":"unnamed-chunk-48"},"row":439,"row_count":1,"visible":true},{"chunk_id":"cekuqbg7xupui","chunk_label":"unnamed-chunk-27","document_id":"39E89A39","expansion_state":0,"options":{"engine":"r","label":"unnamed-chunk-49"},"row":444,"row_count":1,"visible":true},{"chunk_id":"cimmwls6qesl4","chunk_label":"unnamed-chunk-28","document_id":"39E89A39","expansion_state":0,"options":{"engine":"r","label":"unnamed-chunk-1"},"row":478,"row_count":1,"visible":true},{"chunk_id":"ceiq6vhp17lda","chunk_label":"unnamed-chunk-29","document_id":"39E89A39","expansion_state":0,"options":{"engine":"r","label":"unnamed-chunk-2"},"row":490,"row_count":1,"visible":true},{"chunk_id":"cke0fwefnfi71","chunk_label":"unnamed-chunk-30","document_id":"39E89A39","expansion_state":0,"options":{"engine":"r","label":"unnamed-chunk-2"},"row":501,"row_count":1,"visible":true},{"chunk_id":"cqfoupja49v3k","chunk_label":"unnamed-chunk-31","document_id":"39E89A39","expansion_state":0,"options":{"engine":"r","label":"unnamed-chunk-4"},"row":506,"row_count":1,"visible":true},{"chunk_id":"cx4sh15vjkik0","chunk_label":"unnamed-chunk-32","document_id":"39E89A39","expansion_state":0,"options":{"engine":"r","label":"unnamed-chunk-19"},"row":521,"row_count":1,"visible":true},{"chunk_id":"c26rxewiqabn2","chunk_label":"unnamed-chunk-38","document_id":"39E89A39","expansion_state":0,"options":{"engine":"r","label":"unnamed-chunk-22"},"row":583,"row_count":1,"visible":true},{"chunk_id":"cciwekpis0f2l","chunk_label":"unnamed-chunk-39","document_id":"39E89A39","expansion_state":0,"options":{"engine":"r","label":"unnamed-chunk-29"},"row":601,"row_count":1,"visible":true},{"chunk_id":"cgoc2wk9vcvxf","chunk_label":"unnamed-chunk-42","document_id":"39E89A39","expansion_state":0,"options":{"engine":"r","label":"unnamed-chunk-5"},"row":652,"row_count":1,"visible":true}],"chunk_rendered_width":700,"default_chunk_options":{"echo":true,"error":false},"doc_write_time":1559562545,"working_dir":null}