"0","```r
fix_align(start_pts = rbind(c(67, 293), c(67, 355)),
          asc_files = c(#'asc/PR01inc.asc',
                      'asc/PR02.asc',
                      'asc/PR03-1b.asc',
                      'asc/PR04.asc',
                      'asc/PR05.asc',
                      'asc/PR06.asc',
                      'asc/PR07.asc',
                      'asc/PR08.asc',
                      'asc/PR09.asc',
                      'asc/PR10.asc',
                      'asc/PR11.asc',
                      'asc/PR12.asc',
                      'asc/PR13.asc',
                      'asc/PR14.asc',
                      'asc/PR15.asc',
                      'asc/PR16.asc',
                      'asc/PR17.asc',
#                     'asc/PR18.asc',
                      'asc/PR19.asc',
                      'asc/PR20.asc',
                      'asc/PR21.asc',
                      'asc/PR22.asc',
                      'asc/PR23.asc',
                      'asc/PR25.asc',
                      'asc/PR27.asc',
                      'asc/PR28.asc',
                      'asc/PR29.asc',
                      'asc/PR30.asc',
#                     'asc/PR31.asc',
                      'asc/PR32.asc',
                      'asc/PR33.asc',
                      'asc/PR34.asc',
                      'asc/PR35.asc',
#                     'asc/PR36.asc',
                      'asc/PR38.asc',
                      'asc/PR39.asc',
#                     'asc/PR40.asc',
                      'asc/PR41.asc',
                      'asc/PR42.asc',
#                     'asc/PR43.asc', # Error in trial_fix[[i]] : subscript out of bounds
#                     'asc/PR44.asc', # Error in trial_id_start[t]:trial_end[t] : NA/NaN argument
                      'asc/PR45.asc',
                      'asc/PR46.asc',
                      'asc/PR47.asc',
#                     'asc/PR48.asc', # Error in trial_fix[[i]] : subscript out of bounds
                      'asc/PR49.asc',
                      'asc/PR50.asc',
                      'asc/PR51.asc',
                      'asc/PR52.asc',
                      'asc/PR53.asc'),
          xy_bounds = c(20, 1000, 200, 600), # c(x-min, x-max, ymin, y-max)
          trial_plots = FALSE, # i can't get this to do anything except spin its wheels?
          save_trial_plots = FALSE, # wow that takes up a LOT of space
          fa_dir = 'asc',
          start_flag = 'TRIALID',
          den_sd_cutoff = 3, # not sure what's best, but this seems to work okay
          den_ratio_cutoff = 5) # small numbers seem to do fine…?
```"
